#	group	type
1	1	similar
2	1	similar
3	1	similar
4	1	similar
5	1	similar
6	1	similar
7	1	similar
8	1	similar
9	1	similar
10	2	similar
11	2	similar
12	2	similar
13	2	similar
14	2	similar
15	2	similar
16	2	similar
17	2	similar
18	2	similar
19	2	similar
20	2	similar
21	2	similar
22	2	similar
23	2	similar
24	2	similar
25	2	similar
26	2	similar
27	2	similar
28	2	similar
29	2	similar
30	2	similar
31	2	similar
32	2	similar
33	2	similar
34	2	similar
35	2	similar
36	2	similar
37	2	similar
38	2	similar
39	2	similar
40	2	similar
41	2	similar
42	2	similar
43	2	similar
44	2	similar
45	2	similar
46	2	similar
47	2	similar
48	2	similar
49	2	similar
50	2	similar
51	2	similar
52	2	similar
53	5	similar
54	5	similar
55	5	similar
56	5	similar
57	5	similar
58	5	similar
59	5	similar
60	5	similar
61	5	similar
62	5	similar
63	5	similar
64	5	similar
65	5	similar
66	5	similar
67	5	similar
68	5	similar
69	5	similar
70	5	similar
71	5	similar
72	5	similar
73	5	similar
74	5	similar
75	5	similar
76	5	similar
77	5	similar
78	5	similar
79	5	similar
80	5	similar
81	5	similar
82	5	similar
83	5	similar
84	5	similar
85	5	similar
86	5	similar
87	5	similar
88	5	similar
89	5	similar
90	5	similar
91	5	similar
92	5	similar
93	5	similar
94	5	similar
95	5	similar
96	5	similar
97	5	similar
98	5	similar
99	5	similar
100	5	similar
101	5	similar
102	5	similar
103	5	similar
104	5	similar
105	5	similar
106	5	similar
107	5	similar
108	5	similar
109	5	similar
110	5	similar
111	5	similar
112	5	similar
113	5	similar
114	5	similar
115	5	similar
116	5	similar
117	5	similar
118	5	similar
119	5	similar
120	5	similar
121	5	similar
122	5	similar
123	5	similar
124	5	similar
125	5	similar
126	5	similar
127	5	similar
128	5	similar
129	5	similar
130	5	similar
131	5	similar
132	5	similar
133	5	similar
134	5	similar
135	5	similar
136	5	similar
137	5	similar
138	5	similar
139	5	similar
140	5	similar
141	5	similar
142	5	similar
143	5	similar
144	5	similar
145	5	similar
146	5	similar
147	5	similar
148	5	similar
149	5	similar
150	5	similar
151	5	similar
152	6	similar
153	6	similar
154	6	similar
155	6	similar
156	6	similar
157	6	similar
158	6	similar
159	6	similar
160	6	similar
161	6	similar
162	6	similar
163	6	similar
164	6	similar
165	6	similar
166	6	similar
167	6	similar
168	6	similar
169	6	similar
170	6	similar
171	6	similar
172	6	similar
173	6	similar
174	6	similar
175	6	similar
176	6	similar
177	6	similar
178	6	similar
179	6	similar
180	6	similar
181	6	similar
182	6	similar
183	6	similar
184	6	similar
185	6	similar
186	6	similar
187	6	similar
188	6	similar
189	6	similar
190	6	similar
191	6	similar
192	6	similar
193	6	similar
194	6	similar
195	6	similar
196	6	similar
197	6	similar
198	6	similar
199	6	similar
200	6	similar
201	6	similar
202	6	similar
203	6	similar
204	6	similar
205	6	similar
206	6	similar
207	6	similar
208	6	similar
209	6	similar
210	6	similar
211	6	similar
212	6	similar
213	6	similar
214	6	similar
215	6	similar
216	6	similar
217	6	similar
218	6	similar
219	6	similar
220	6	similar
221	6	similar
222	6	similar
223	6	similar
224	6	similar
225	6	similar
226	6	similar
227	6	similar
228	6	similar
229	6	similar
230	6	similar
231	6	similar
232	6	similar
233	6	similar
234	6	similar
235	6	similar
236	6	similar
237	6	similar
238	6	similar
239	6	similar
240	6	similar
241	6	similar
242	6	similar
243	6	similar
244	6	similar
245	6	similar
246	6	similar
247	6	similar
248	6	similar
249	6	similar
250	6	similar
251	6	similar
252	6	similar
253	6	similar
254	7	similar
255	7	similar
256	7	similar
257	7	similar
258	7	similar
259	7	similar
260	7	similar
261	7	similar
262	7	similar
263	7	similar
264	7	similar
265	7	similar
266	7	similar
267	7	similar
268	7	similar
269	7	similar
270	7	similar
271	7	similar
272	7	similar
273	7	similar
274	7	similar
275	7	similar
276	7	similar
277	7	similar
278	7	similar
279	7	similar
280	7	similar
281	7	similar
282	7	similar
283	7	similar
284	7	similar
285	7	similar
286	7	similar
287	7	similar
288	7	similar
289	7	similar
290	8	similar
291	8	similar
292	8	similar
293	8	similar
294	8	similar
295	8	similar
296	8	similar
297	8	similar
298	8	similar
299	8	similar
300	8	similar
301	8	similar
302	8	similar
303	8	similar
304	8	similar
305	8	similar
306	8	similar
307	8	similar
308	8	similar
309	8	similar
310	8	similar
311	8	similar
312	8	similar
313	8	similar
314	8	similar
315	8	similar
316	8	similar
317	8	similar
318	8	similar
319	8	similar
320	8	similar
321	8	similar
322	8	similar
323	8	similar
324	9	similar
325	9	similar
326	9	similar
327	9	similar
328	9	similar
329	9	similar
330	9	similar
331	9	similar
332	9	similar
333	9	similar
334	9	similar
335	9	similar
336	9	similar
337	9	similar
338	9	similar
339	9	similar
340	9	similar
341	9	similar
342	9	similar
343	9	similar
344	9	similar
345	9	similar
346	9	similar
347	9	similar
348	9	similar
349	9	similar
350	9	similar
351	9	similar
352	9	similar
353	9	similar
354	9	similar
355	9	similar
356	9	similar
357	9	similar
358	9	similar
359	9	similar
360	9	similar
361	9	similar
362	9	similar
363	9	similar
364	9	similar
365	9	similar
366	9	similar
367	9	similar
368	9	similar
369	9	similar
370	9	similar
371	9	similar
372	9	similar
373	9	similar
374	9	similar
375	9	similar
376	9	similar
377	9	similar
378	9	similar
379	9	similar
380	9	similar
381	9	similar
382	9	similar
383	9	similar
384	9	similar
385	9	similar
386	9	similar
387	9	similar
388	9	similar
389	9	similar
390	9	similar
391	9	similar
392	9	similar
393	9	similar
394	9	similar
395	9	similar
396	9	similar
397	9	similar
398	9	similar
399	9	similar
400	9	similar
401	9	similar
402	9	similar
403	9	similar
404	9	similar
405	9	similar
406	9	similar
407	9	similar
408	9	similar
409	10	similar
410	10	similar
411	10	similar
412	10	similar
413	10	similar
414	10	similar
415	10	similar
416	10	similar
417	10	similar
418	10	similar
419	10	similar
420	10	similar
421	10	similar
422	10	similar
423	10	similar
424	10	similar
425	10	similar
426	10	similar
427	10	similar
428	10	similar
429	10	similar
430	10	similar
431	10	similar
432	10	similar
433	10	similar
434	10	similar
435	10	similar
436	10	similar
437	10	similar
438	10	similar
439	10	similar
440	10	similar
441	10	similar
442	10	similar
443	10	similar
444	10	similar
445	10	similar
446	10	similar
447	10	similar
448	10	similar
449	10	similar
450	10	similar
451	10	similar
452	10	similar
453	10	similar
454	10	similar
455	10	similar
456	10	similar
457	10	similar
458	10	similar
459	10	similar
460	10	similar
461	10	similar
462	10	similar
463	10	similar
464	10	similar
465	10	similar
466	10	similar
467	10	similar
468	10	similar
469	10	similar
470	10	similar
471	10	similar
472	10	similar
473	10	similar
474	10	similar
475	10	similar
476	10	similar
477	10	similar
478	10	similar
479	10	similar
480	10	similar
481	10	similar
482	10	similar
483	10	similar
484	10	similar
485	10	similar
486	10	similar
487	10	similar
488	10	similar
489	10	similar
490	10	similar
491	10	similar
492	10	similar
493	10	similar
494	10	similar
495	10	similar
496	10	similar
497	10	similar
498	10	similar
499	10	similar
500	10	similar
501	10	similar
502	10	similar
503	10	similar
504	10	similar
505	10	similar
506	10	similar
507	10	similar
508	10	similar
509	10	similar
510	10	similar
511	10	similar
512	10	similar
513	10	similar
514	10	similar
515	10	similar
516	10	similar
517	11	similar
518	11	similar
519	11	similar
520	11	similar
521	11	similar
522	11	similar
523	11	similar
524	11	similar
525	11	similar
526	11	similar
527	11	similar
528	11	similar
529	11	similar
530	12	similar
531	12	similar
532	12	similar
533	12	similar
534	12	similar
535	12	similar
536	12	similar
537	12	similar
538	12	similar
539	12	similar
540	12	similar
541	12	similar
542	12	similar
543	12	similar
544	12	similar
545	12	similar
546	12	similar
547	12	similar
548	12	similar
549	12	similar
550	12	similar
551	12	similar
552	12	similar
553	12	similar
554	12	similar
555	12	similar
556	12	similar
557	12	similar
558	12	similar
559	12	similar
560	12	similar
561	12	similar
562	12	similar
563	12	similar
564	12	similar
565	12	similar
566	12	similar
567	12	similar
568	12	similar
569	12	similar
570	12	similar
571	12	similar
572	12	similar
573	12	similar
574	12	similar
575	12	similar
576	12	similar
577	12	similar
578	12	similar
579	12	similar
580	12	similar
581	12	similar
582	12	similar
583	12	similar
584	12	similar
585	12	similar
586	12	similar
587	12	similar
588	12	similar
589	12	similar
590	12	similar
591	12	similar
592	12	similar
593	12	similar
594	12	similar
595	12	similar
596	12	similar
597	12	similar
598	12	similar
599	12	similar
600	12	similar
601	12	similar
602	12	similar
603	12	similar
604	12	similar
605	12	similar
606	12	similar
607	12	similar
608	12	similar
609	12	similar
610	12	similar
611	12	similar
612	12	similar
613	12	similar
614	12	similar
615	12	similar
616	12	similar
617	12	similar
618	12	similar
619	12	similar
620	12	similar
621	12	similar
622	12	similar
623	12	similar
624	12	similar
625	12	similar
626	12	similar
627	12	similar
628	12	similar
629	12	similar
630	12	similar
631	12	similar
632	12	similar
633	12	similar
634	12	similar
635	12	similar
636	12	similar
637	12	similar
638	12	similar
639	12	similar
640	12	similar
641	12	similar
642	12	similar
643	12	similar
644	12	similar
645	12	similar
646	12	similar
647	12	similar
648	12	similar
649	12	similar
650	12	similar
651	12	similar
652	12	similar
653	12	similar
654	12	similar
655	12	similar
656	12	similar
657	12	similar
658	12	similar
659	12	similar
660	12	similar
661	12	similar
662	12	similar
663	12	similar
664	12	similar
665	12	similar
666	12	similar
667	12	similar
668	12	similar
669	12	similar
670	12	similar
671	12	similar
672	12	similar
673	12	similar
674	12	similar
675	12	similar
676	12	similar
677	12	similar
678	12	similar
679	12	similar
680	12	similar
681	12	similar
682	12	similar
683	12	similar
684	12	similar
685	12	similar
686	12	similar
687	12	similar
688	12	similar
689	12	similar
690	12	similar
691	12	similar
692	12	similar
693	12	similar
694	12	similar
695	12	similar
696	12	similar
697	12	similar
698	12	similar
699	12	similar
700	12	similar
701	12	similar
702	12	similar
703	12	similar
704	12	similar
705	12	similar
706	12	similar
707	12	similar
708	12	similar
709	12	similar
710	12	similar
711	12	similar
712	12	similar
713	12	similar
714	12	similar
715	12	similar
716	12	similar
717	12	similar
718	12	similar
719	12	similar
720	12	similar
721	12	similar
722	12	similar
723	12	similar
724	12	similar
725	12	similar
726	12	similar
727	12	similar
728	12	similar
729	12	similar
730	12	similar
731	12	similar
732	12	similar
733	12	similar
734	12	similar
735	12	similar
736	12	similar
737	12	similar
738	12	similar
739	12	similar
740	12	similar
741	12	similar
742	12	similar
743	12	similar
744	12	similar
745	12	similar
746	12	similar
747	12	similar
748	12	similar
749	12	similar
750	12	similar
751	12	similar
752	12	similar
753	12	similar
754	12	similar
755	12	similar
756	12	similar
757	12	similar
758	12	similar
759	12	similar
760	12	similar
761	12	similar
762	12	similar
763	12	similar
764	12	similar
765	12	similar
766	12	similar
767	13	similar
768	13	similar
769	13	similar
770	13	similar
771	13	similar
772	13	similar
773	13	similar
774	13	similar
775	13	similar
776	13	similar
777	13	similar
778	13	similar
779	13	similar
780	13	similar
781	13	similar
782	13	similar
783	13	similar
784	13	similar
785	13	similar
786	13	similar
787	13	similar
788	13	similar
789	13	similar
790	13	similar
791	13	similar
792	13	similar
793	13	similar
794	13	similar
795	13	similar
796	13	similar
797	13	similar
798	13	similar
799	13	similar
800	13	similar
801	13	similar
802	13	similar
803	13	similar
804	13	similar
805	13	similar
806	13	similar
807	13	similar
808	13	similar
809	13	similar
810	13	similar
811	13	similar
812	13	similar
813	13	similar
814	13	similar
815	13	similar
816	13	similar
817	13	similar
818	13	similar
819	13	similar
820	13	similar
821	13	similar
822	13	similar
823	13	similar
824	13	similar
825	13	similar
826	13	similar
827	13	similar
828	13	similar
829	13	similar
830	13	similar
831	13	similar
832	13	similar
833	13	similar
834	14	similar
835	14	similar
836	14	similar
837	14	similar
838	14	similar
839	14	similar
840	14	similar
841	14	similar
842	14	similar
843	14	similar
844	14	similar
845	14	similar
846	14	similar
847	14	similar
848	14	similar
849	14	similar
850	14	similar
851	14	similar
852	14	similar
853	14	similar
854	14	similar
855	14	similar
856	14	similar
857	14	similar
858	14	similar
859	14	similar
860	14	similar
861	14	similar
862	14	similar
863	14	similar
864	14	similar
865	14	similar
866	14	similar
867	14	similar
868	14	similar
869	14	similar
870	14	similar
871	14	similar
872	14	similar
873	14	similar
874	14	similar
875	14	similar
876	14	similar
877	14	similar
878	14	similar
879	14	similar
880	14	similar
881	14	similar
882	14	similar
883	14	similar
884	14	similar
885	14	similar
886	14	similar
887	14	similar
888	14	similar
889	14	similar
890	14	similar
891	14	similar
892	14	similar
893	14	similar
894	14	similar
895	14	similar
896	14	similar
897	14	similar
898	14	similar
899	14	similar
900	14	similar
901	14	similar
902	14	similar
903	14	similar
904	14	similar
905	14	similar
906	14	similar
907	14	similar
908	14	similar
909	14	similar
910	14	similar
911	14	similar
912	14	similar
913	14	similar
914	14	similar
915	14	similar
916	14	similar
917	14	similar
918	14	similar
919	14	similar
920	14	similar
921	14	similar
922	14	similar
923	14	similar
924	14	similar
925	14	similar
926	14	similar
927	14	similar
928	14	similar
929	14	similar
930	14	similar
931	14	similar
932	14	similar
933	14	similar
934	14	similar
935	14	similar
936	14	similar
937	14	similar
938	14	similar
939	14	similar
940	14	similar
941	14	similar
942	14	similar
943	14	similar
944	14	similar
945	14	similar
946	14	similar
947	14	similar
948	14	similar
949	14	similar
950	14	similar
951	14	similar
952	14	similar
953	14	similar
954	14	similar
955	14	similar
956	14	similar
957	14	similar
958	14	similar
959	14	similar
960	14	similar
961	14	similar
962	14	similar
963	14	similar
964	14	similar
965	14	similar
966	14	similar
967	14	similar
968	14	similar
969	14	similar
970	14	similar
971	14	similar
972	14	similar
973	14	similar
974	14	similar
975	14	similar
976	14	similar
977	14	similar
978	14	similar
979	14	similar
980	14	similar
981	14	similar
982	14	similar
983	14	similar
984	14	similar
985	14	similar
986	14	similar
987	14	similar
988	14	similar
989	14	similar
990	14	similar
991	14	similar
992	14	similar
993	14	similar
994	14	similar
995	14	similar
996	14	similar
997	14	similar
998	14	similar
999	14	similar
1000	14	similar
1001	14	similar
1002	14	similar
1003	14	similar
1004	14	similar
1005	14	similar
1006	14	similar
1007	14	similar
1008	14	similar
1009	14	similar
1010	14	similar
1011	14	similar
1012	14	similar
1013	14	similar
1014	14	similar
1015	14	similar
1016	14	similar
1017	14	similar
1018	14	similar
1019	14	similar
1020	14	similar
1021	14	similar
1022	14	similar
1023	14	similar
1024	14	similar
1025	14	similar
1026	14	similar
1027	14	similar
1028	14	similar
1029	14	similar
1030	14	similar
1031	14	similar
1032	14	similar
1033	14	similar
1034	14	similar
1035	14	similar
1036	14	similar
1037	14	similar
1038	14	similar
1039	14	similar
1040	14	similar
1041	14	similar
1042	14	similar
1043	14	similar
1044	14	similar
1045	14	similar
1046	14	similar
1047	14	similar
1048	14	similar
1049	14	similar
1050	14	similar
1051	14	similar
1052	14	similar
1053	14	similar
1054	14	similar
1055	14	similar
1056	14	similar
1057	14	similar
1058	14	similar
1059	14	similar
1060	14	similar
1061	14	similar
1062	14	similar
1063	14	similar
1064	14	similar
1065	14	similar
1066	14	similar
1067	14	similar
1068	14	similar
1069	14	similar
1070	14	similar
1071	14	similar
1072	14	similar
1073	14	similar
1074	14	similar
1075	14	similar
1076	14	similar
1077	14	similar
1078	14	similar
1079	14	similar
1080	14	similar
1081	14	similar
1082	14	similar
1083	14	similar
1084	14	similar
1085	14	similar
1086	14	similar
1087	14	similar
1088	14	similar
1089	14	similar
1090	14	similar
1091	14	similar
1092	14	similar
1093	14	similar
1094	14	similar
1095	14	similar
1096	14	similar
1097	14	similar
1098	14	similar
1099	14	similar
1100	14	similar
1101	14	similar
1102	14	similar
1103	14	similar
1104	14	similar
1105	14	similar
1106	14	similar
1107	14	similar
1108	14	similar
1109	14	similar
1110	14	similar
1111	14	similar
1112	14	similar
1113	14	similar
1114	14	similar
1115	14	similar
1116	14	similar
1117	14	similar
1118	15	similar
1119	15	similar
1120	15	similar
1121	15	similar
1122	15	similar
1123	15	similar
1124	15	similar
1125	15	similar
1126	15	similar
1127	15	similar
1128	15	similar
1129	15	similar
1130	15	similar
1131	15	similar
1132	15	similar
1133	15	similar
1134	15	similar
1135	15	similar
1136	15	similar
1137	15	similar
1138	15	similar
1139	15	similar
1140	15	similar
1141	15	similar
1142	15	similar
1143	15	similar
1144	15	similar
1145	15	similar
1146	15	similar
1147	15	similar
1148	15	similar
1149	15	similar
1150	15	similar
1151	15	similar
1152	15	similar
1153	15	similar
1154	15	similar
1155	15	similar
1156	15	similar
1157	15	similar
1158	15	similar
1159	15	similar
1160	15	similar
1161	15	similar
1162	15	similar
1163	15	similar
1164	15	similar
1165	15	similar
1166	15	similar
1167	15	similar
1168	15	similar
1169	15	similar
1170	15	similar
1171	15	similar
1172	15	similar
1173	15	similar
1174	15	similar
1175	15	similar
1176	15	similar
1177	15	similar
1178	15	similar
1179	15	similar
1180	15	similar
1181	15	similar
1182	15	similar
1183	15	similar
1184	15	similar
1185	15	similar
1186	15	similar
1187	15	similar
1188	15	similar
1189	15	similar
1190	15	similar
1191	15	similar
1192	15	similar
1193	15	similar
1194	15	similar
1195	15	similar
1196	15	similar
1197	15	similar
1198	15	similar
1199	15	similar
1200	15	similar
1201	15	similar
1202	15	similar
1203	15	similar
1204	15	similar
1205	15	similar
1206	15	similar
1207	15	similar
1208	15	similar
1209	15	similar
1210	15	similar
1211	15	similar
1212	15	similar
1213	15	similar
1214	15	similar
1215	15	similar
1216	15	similar
1217	15	similar
1218	15	similar
1219	15	similar
1220	15	similar
1221	15	similar
1222	15	similar
1223	15	similar
1224	15	similar
1225	15	similar
1226	15	similar
1227	15	similar
1228	15	similar
1229	15	similar
1230	15	similar
1231	15	similar
1232	15	similar
1233	15	similar
1234	15	similar
1235	15	similar
1236	15	similar
1237	15	similar
1238	15	similar
1239	15	similar
1240	15	similar
1241	15	similar
1242	15	similar
1243	15	similar
1244	15	similar
1245	15	similar
1246	15	similar
1247	15	similar
1248	15	similar
1249	15	similar
1250	15	similar
1251	15	similar
1252	15	similar
1253	15	similar
1254	15	similar
1255	15	similar
1256	15	similar
1257	15	similar
1258	15	similar
1259	15	similar
1260	15	similar
1261	15	similar
1262	15	similar
1263	15	similar
1264	15	similar
1265	15	similar
1266	15	similar
1267	15	similar
1268	15	similar
1269	15	similar
1270	15	similar
1271	15	similar
1272	15	similar
1273	15	similar
1274	15	similar
1275	15	similar
1276	15	similar
1277	15	similar
1278	15	similar
1279	15	similar
1280	15	similar
1281	15	similar
1282	15	similar
1283	15	similar
1284	15	similar
1285	15	similar
1286	15	similar
1287	15	similar
1288	15	similar
1289	15	similar
1290	15	similar
1291	15	similar
1292	15	similar
1293	15	similar
1294	15	similar
1295	15	similar
1296	15	similar
1297	15	similar
1298	15	similar
1299	15	similar
1300	15	similar
1301	15	similar
1302	15	similar
1303	15	similar
1304	15	similar
1305	15	similar
1306	15	similar
1307	15	similar
1308	15	similar
1309	15	similar
1310	15	similar
1311	15	similar
1312	15	similar
1313	15	similar
1314	15	similar
1315	15	similar
1316	15	similar
1317	15	similar
1318	15	similar
1319	15	similar
1320	15	similar
1321	15	similar
1322	15	similar
1323	15	similar
1324	15	similar
1325	15	similar
1326	15	similar
1327	15	similar
1328	15	similar
1329	15	similar
1330	15	similar
1331	15	similar
1332	15	similar
1333	15	similar
1334	15	similar
1335	15	similar
1336	15	similar
1337	15	similar
1338	15	similar
1339	15	similar
1340	15	similar
1341	15	similar
1342	15	similar
1343	15	similar
1344	15	similar
1345	15	similar
1346	15	similar
1347	15	similar
1348	15	similar
1349	15	similar
1350	15	similar
1351	15	similar
1352	15	similar
1353	15	similar
1354	15	similar
1355	15	similar
1356	15	similar
1357	15	similar
1358	15	similar
1359	15	similar
1360	15	similar
1361	15	similar
1362	15	similar
1363	15	similar
1364	15	similar
1365	15	similar
1366	15	similar
1367	15	similar
1368	15	similar
1369	15	similar
1370	15	similar
1371	15	similar
1372	15	similar
1373	15	similar
1374	15	similar
1375	15	similar
1376	15	similar
1377	15	similar
1378	15	similar
1379	15	similar
1380	15	similar
1381	15	similar
1382	15	similar
1383	15	similar
1384	15	similar
1385	15	similar
1386	15	similar
1387	15	similar
1388	15	similar
1389	15	similar
1390	15	similar
1391	15	similar
1392	15	similar
1393	15	similar
1394	15	similar
1395	15	similar
1396	15	similar
1397	15	similar
1398	15	similar
1399	15	similar
1400	15	similar
1401	15	similar
1402	15	similar
1403	15	similar
1404	15	similar
1405	15	similar
1406	15	similar
1407	15	similar
1408	15	similar
1409	15	similar
1410	15	similar
1411	15	similar
1412	15	similar
1413	15	similar
1414	15	similar
1415	15	similar
1416	15	similar
1417	15	similar
1418	15	similar
1419	15	similar
1420	15	similar
1421	15	similar
1422	15	similar
1423	15	similar
1424	15	similar
1425	15	similar
1426	15	similar
1427	15	similar
1428	15	similar
1429	15	similar
1430	15	similar
1431	15	similar
1432	15	similar
1433	15	similar
1434	15	similar
1435	15	similar
1436	15	similar
1437	15	similar
1438	15	similar
1439	15	similar
1440	15	similar
1441	15	similar
1442	15	similar
1443	15	similar
1444	15	similar
1445	15	similar
1446	15	similar
1447	15	similar
1448	15	similar
1449	15	similar
1450	15	similar
1451	15	similar
1452	15	similar
1453	15	similar
1454	15	similar
1455	15	similar
1456	15	similar
1457	15	similar
1458	15	similar
1459	15	similar
1460	15	similar
1461	15	similar
1462	15	similar
1463	15	similar
1464	15	similar
1465	15	similar
1466	15	similar
1467	15	similar
1468	15	similar
1469	15	similar
1470	15	similar
1471	15	similar
1472	15	similar
1473	15	similar
1474	15	similar
1475	15	similar
1476	15	similar
1477	15	similar
1478	15	similar
1479	15	similar
1480	15	similar
1481	15	similar
1482	15	similar
1483	15	similar
1484	15	similar
1485	15	similar
1486	15	similar
1487	15	similar
1488	15	similar
1489	15	similar
1490	15	similar
1491	15	similar
1492	15	similar
1493	15	similar
1494	15	similar
1495	15	similar
1496	15	similar
1497	15	similar
1498	15	similar
1499	15	similar
1500	15	similar
1501	15	similar
1502	15	similar
1503	15	similar
1504	15	similar
1505	15	similar
1506	15	similar
1507	15	similar
1508	15	similar
1509	15	similar
1510	15	similar
1511	15	similar
1512	15	similar
1513	15	similar
1514	15	similar
1515	15	similar
1516	16	similar
1517	16	similar
1518	16	similar
1519	16	similar
1520	16	similar
1521	16	similar
1522	16	similar
1523	16	similar
1524	16	similar
1525	16	similar
1526	16	similar
1527	16	similar
1528	16	similar
1529	16	similar
1530	16	similar
1531	16	similar
1532	16	similar
1533	16	similar
1534	16	similar
1535	16	similar
1536	16	similar
1537	16	similar
1538	16	similar
1539	16	similar
1540	16	similar
1541	16	similar
1542	16	similar
1543	16	similar
1544	16	similar
1545	16	similar
1546	16	similar
1547	16	similar
1548	16	similar
1549	16	similar
1550	16	similar
1551	16	similar
1552	16	similar
1553	16	similar
1554	16	similar
1555	16	similar
1556	16	similar
1557	16	similar
1558	16	similar
1559	16	similar
1560	16	similar
1561	16	similar
1562	16	similar
1563	16	similar
1564	16	similar
1565	16	similar
1566	16	similar
1567	16	similar
1568	16	similar
1569	16	similar
1570	16	similar
1571	16	similar
1572	16	similar
1573	16	similar
1574	16	similar
1575	16	similar
1576	16	similar
1577	16	similar
1578	16	similar
1579	16	similar
1580	16	similar
1581	16	similar
1582	16	similar
1583	16	similar
1584	16	similar
1585	16	similar
1586	16	similar
1587	16	similar
1588	16	similar
1589	16	similar
1590	16	similar
1591	16	similar
1592	16	similar
1593	16	similar
1594	16	similar
1595	16	similar
1596	16	similar
1597	16	similar
1598	16	similar
1599	16	similar
1600	16	similar
1601	16	similar
1602	16	similar
1603	16	similar
1604	16	similar
1605	16	similar
1606	16	similar
1607	16	similar
1608	16	similar
1609	16	similar
1610	16	similar
1611	16	similar
1612	16	similar
1613	16	similar
1614	16	similar
1615	16	similar
1616	16	similar
1617	16	similar
1618	16	similar
1619	16	similar
1620	16	similar
1621	16	similar
1622	16	similar
1623	16	similar
1624	16	similar
1625	16	similar
1626	16	similar
1627	16	similar
1628	16	similar
1629	16	similar
1630	16	similar
1631	16	similar
1632	16	similar
1633	16	similar
1634	16	similar
1635	16	similar
1636	16	similar
1637	17	similar
1638	17	similar
1639	17	similar
1640	17	similar
1641	17	similar
1642	17	similar
1643	17	similar
1644	17	similar
1645	17	similar
1646	17	similar
1647	17	similar
1648	17	similar
1649	19	similar
1650	19	similar
1651	19	similar
1652	19	similar
1653	19	similar
1654	19	similar
1655	19	similar
1656	19	similar
1657	19	similar
1658	19	similar
1659	19	similar
1660	19	similar
1661	19	similar
1662	19	similar
1663	19	similar
1664	19	similar
1665	19	similar
1666	19	similar
1667	19	similar
1668	19	similar
1669	19	similar
1670	19	similar
1671	19	similar
1672	19	similar
1673	20	similar
1674	20	similar
1675	20	similar
1676	20	similar
1677	20	similar
1678	20	similar
1679	20	similar
1680	20	similar
1681	20	similar
1682	20	similar
1683	20	similar
1684	20	similar
1685	20	similar
1686	20	similar
1687	20	similar
1688	20	similar
1689	20	similar
1690	20	similar
1691	20	similar
1692	20	similar
1693	20	similar
1694	20	similar
1695	20	similar
1696	20	similar
1697	20	similar
1698	20	similar
1699	20	similar
1700	20	similar
1701	20	similar
1702	20	similar
1703	20	similar
1704	21	similar
1705	21	similar
1706	21	similar
1707	21	similar
1708	21	similar
1709	21	similar
1710	21	similar
1711	21	similar
1712	21	similar
1713	21	similar
1714	21	similar
1715	21	similar
1716	21	similar
1717	21	similar
1718	21	similar
1719	21	similar
1720	21	similar
1721	21	similar
1722	21	similar
1723	21	similar
1724	21	similar
1725	22	similar
1726	22	similar
1727	22	similar
1728	22	similar
1729	22	similar
1730	22	similar
1731	22	similar
1732	22	similar
1733	22	similar
1734	22	similar
1735	22	similar
1736	22	similar
1737	22	similar
1738	22	similar
1739	22	similar
1740	22	similar
1741	22	similar
1742	22	similar
1743	22	similar
1744	22	similar
1745	22	similar
1746	22	similar
1747	22	similar
1748	22	similar
1749	22	similar
1750	22	similar
1751	22	similar
1752	22	similar
1753	22	similar
1754	22	similar
1755	22	similar
1756	22	similar
1757	22	similar
1758	22	similar
1759	22	similar
1760	22	similar
1761	22	similar
1762	22	similar
1763	22	similar
1764	22	similar
1765	22	similar
1766	22	similar
1767	22	similar
1768	22	similar
1769	22	similar
1770	22	similar
1771	22	similar
1772	22	similar
1773	22	similar
1774	22	similar
1775	22	similar
1776	22	similar
1777	22	similar
1778	22	similar
1779	22	similar
1780	22	similar
1781	22	similar
1782	22	similar
1783	22	similar
1784	22	similar
1785	22	similar
1786	22	similar
1787	22	similar
1788	22	similar
1789	22	similar
1790	22	similar
1791	22	similar
1792	22	similar
1793	22	similar
1794	22	similar
1795	22	similar
1796	22	similar
1797	22	similar
1798	22	similar
1799	22	similar
1800	22	similar
1801	22	similar
1802	22	similar
1803	22	similar
1804	22	similar
1805	22	similar
1806	22	similar
1807	22	similar
1808	22	similar
1809	22	similar
1810	22	similar
1811	22	similar
1812	22	similar
1813	22	similar
1814	22	similar
1815	22	similar
1816	22	similar
1817	22	similar
1818	22	similar
1819	22	similar
1820	22	similar
1821	22	similar
1822	22	similar
1823	22	similar
1824	22	similar
1825	22	similar
1826	22	similar
1827	22	similar
1828	22	similar
1829	22	similar
1830	22	similar
1831	22	similar
1832	22	similar
1833	22	similar
1834	22	similar
1835	22	similar
1836	22	similar
1837	22	similar
1838	22	similar
1839	22	similar
1840	22	similar
1841	22	similar
1842	22	similar
1843	22	similar
1844	22	similar
1845	22	similar
1846	22	similar
1847	22	similar
1848	22	similar
1849	22	similar
1850	22	similar
1851	22	similar
1852	22	similar
1853	22	similar
1854	22	similar
1855	22	similar
1856	22	similar
1857	22	similar
1858	22	similar
1859	22	similar
1860	22	similar
1861	22	similar
1862	22	similar
1863	22	similar
1864	22	similar
1865	22	similar
1866	22	similar
1867	22	similar
1868	22	similar
1869	22	similar
1870	22	similar
1871	22	similar
1872	22	similar
1873	22	similar
1874	22	similar
1875	22	similar
1876	22	similar
1877	22	similar
1878	22	similar
1879	22	similar
1880	22	similar
1881	22	similar
1882	22	similar
1883	22	similar
1884	22	similar
1885	22	similar
1886	22	similar
1887	22	similar
1888	22	similar
1889	22	similar
1890	22	similar
1891	22	similar
1892	22	similar
1893	22	similar
1894	22	similar
1895	22	similar
1896	22	similar
1897	22	similar
1898	22	similar
1899	22	similar
1900	22	similar
1901	22	similar
1902	22	similar
1903	22	similar
1904	22	similar
1905	22	similar
1906	22	similar
1907	22	similar
1908	22	similar
1909	22	similar
1910	22	similar
1911	22	similar
1912	22	similar
1913	22	similar
1914	22	similar
1915	22	similar
1916	22	similar
1917	22	similar
1918	22	similar
1919	22	similar
1920	22	similar
1921	22	similar
1922	22	similar
1923	22	similar
1924	22	similar
1925	22	similar
1926	22	similar
1927	22	similar
1928	22	similar
1929	22	similar
1930	22	similar
1931	22	similar
1932	22	similar
1933	22	similar
1934	22	similar
1935	22	similar
1936	22	similar
1937	22	similar
1938	22	similar
1939	22	similar
1940	22	similar
1941	22	similar
1942	22	similar
1943	22	similar
1944	22	similar
1945	22	similar
1946	22	similar
1947	22	similar
1948	22	similar
1949	22	similar
1950	22	similar
1951	22	similar
1952	22	similar
1953	22	similar
1954	22	similar
1955	22	similar
1956	22	similar
1957	22	similar
1958	22	similar
1959	22	similar
1960	22	similar
1961	22	similar
1962	22	similar
1963	22	similar
1964	22	similar
1965	22	similar
1966	22	similar
1967	22	similar
1968	22	similar
1969	22	similar
1970	22	similar
1971	22	similar
1972	22	similar
1973	22	similar
1974	22	similar
1975	22	similar
1976	22	similar
1977	22	similar
1978	22	similar
1979	22	similar
1980	22	similar
1981	22	similar
1982	22	similar
1983	22	similar
1984	22	similar
1985	22	similar
1986	22	similar
1987	22	similar
1988	22	similar
1989	22	similar
1990	22	similar
1991	22	similar
1992	22	similar
1993	22	similar
1994	22	similar
1995	22	similar
1996	22	similar
1997	22	similar
1998	22	similar
1999	22	similar
2000	22	similar
2001	22	similar
2002	22	similar
2003	22	similar
2004	22	similar
2005	22	similar
2006	22	similar
2007	22	similar
2008	22	similar
2009	22	similar
2010	22	similar
2011	22	similar
2012	22	similar
2013	22	similar
2014	22	similar
2015	22	similar
2016	22	similar
2017	22	similar
2018	22	similar
2019	22	similar
2020	22	similar
2021	22	similar
2022	22	similar
2023	22	similar
2024	22	similar
2025	22	similar
2026	22	similar
2027	22	similar
2028	22	similar
2029	22	similar
2030	22	similar
2031	22	similar
2032	22	similar
2033	22	similar
2034	22	similar
2035	22	similar
2036	22	similar
2037	22	similar
2038	22	similar
2039	22	similar
2040	22	similar
2041	22	similar
2042	22	similar
2043	22	similar
2044	22	similar
2045	22	similar
2046	22	similar
2047	22	similar
2048	22	similar
2049	22	similar
2050	22	similar
2051	22	similar
2052	22	similar
2053	22	similar
2054	22	similar
2055	22	similar
2056	22	similar
2057	22	similar
2058	22	similar
2059	22	similar
2060	22	similar
2061	22	similar
2062	22	similar
2063	22	similar
2064	22	similar
2065	22	similar
2066	22	similar
2067	22	similar
2068	22	similar
2069	22	similar
2070	22	similar
2071	22	similar
2072	22	similar
2073	22	similar
2074	22	similar
2075	22	similar
2076	22	similar
2077	22	similar
2078	22	similar
2079	22	similar
2080	22	similar
2081	22	similar
2082	22	similar
2083	22	similar
2084	22	similar
2085	22	similar
2086	22	similar
2087	22	similar
2088	22	similar
2089	22	similar
2090	22	similar
2091	22	similar
2092	22	similar
2093	22	similar
2094	22	similar
2095	22	similar
2096	22	similar
2097	22	similar
2098	22	similar
2099	22	similar
2100	22	similar
2101	22	similar
2102	22	similar
2103	22	similar
2104	22	similar
2105	22	similar
2106	22	similar
2107	22	similar
2108	22	similar
2109	22	similar
2110	22	similar
2111	22	similar
2112	22	similar
2113	22	similar
2114	22	similar
2115	22	similar
2116	22	similar
2117	22	similar
2118	22	similar
2119	22	similar
2120	22	similar
2121	22	similar
2122	22	similar
2123	23	similar
2124	23	similar
2125	23	similar
2126	23	similar
2127	23	similar
2128	23	similar
2129	23	similar
2130	23	similar
2131	23	similar
2132	23	similar
2133	23	similar
2134	23	similar
2135	23	similar
2136	23	similar
2137	23	similar
2138	23	similar
2139	23	similar
2140	23	similar
2141	23	similar
2142	23	similar
2143	23	similar
2144	23	similar
2145	23	similar
2146	23	similar
2147	23	similar
2148	23	similar
2149	23	similar
2150	23	similar
2151	23	similar
2152	23	similar
2153	23	similar
2154	23	similar
2155	23	similar
2156	23	similar
2157	23	similar
2158	23	similar
2159	23	similar
2160	23	similar
2161	23	similar
2162	23	similar
2163	23	similar
2164	23	similar
2165	23	similar
2166	23	similar
2167	23	similar
2168	23	similar
2169	23	similar
2170	23	similar
2171	23	similar
2172	23	similar
2173	23	similar
2174	23	similar
2175	23	similar
2176	23	similar
2177	23	similar
2178	23	similar
2179	23	similar
2180	23	similar
2181	23	similar
2182	23	similar
2183	23	similar
2184	23	similar
2185	23	similar
2186	23	similar
2187	23	similar
2188	23	similar
2189	23	similar
2190	23	similar
2191	23	similar
2192	23	similar
2193	23	similar
2194	23	similar
2195	23	similar
2196	23	similar
2197	23	similar
2198	23	similar
2199	23	similar
2200	23	similar
2201	23	similar
2202	23	similar
2203	23	similar
2204	23	similar
2205	23	similar
2206	23	similar
2207	23	similar
2208	23	similar
2209	23	similar
2210	23	similar
2211	23	similar
2212	23	similar
2213	23	similar
2214	23	similar
2215	23	similar
2216	23	similar
2217	23	similar
2218	23	similar
2219	23	similar
2220	23	similar
2221	23	similar
2222	23	similar
2223	23	similar
2224	23	similar
2225	23	similar
2226	23	similar
2227	23	similar
2228	23	similar
2229	23	similar
2230	23	similar
2231	23	similar
2232	23	similar
2233	23	similar
2234	23	similar
2235	23	similar
2236	23	similar
2237	23	similar
2238	23	similar
2239	23	similar
2240	23	similar
2241	23	similar
2242	23	similar
2243	23	similar
2244	23	similar
2245	23	similar
2246	23	similar
2247	23	similar
2248	23	similar
2249	23	similar
2250	23	similar
2251	23	similar
2252	23	similar
2253	23	similar
2254	23	similar
2255	23	similar
2256	23	similar
2257	23	similar
2258	23	similar
2259	23	similar
2260	23	similar
2261	23	similar
2262	23	similar
2263	23	similar
2264	23	similar
2265	23	similar
2266	23	similar
2267	23	similar
2268	23	similar
2269	23	similar
2270	23	similar
2271	23	similar
2272	23	similar
2273	23	similar
2274	23	similar
2275	23	similar
2276	23	similar
2277	23	similar
2278	23	similar
2279	23	similar
2280	23	similar
2281	23	similar
2282	23	similar
2283	23	similar
2284	23	similar
2285	23	similar
2286	23	similar
2287	23	similar
2288	23	similar
2289	23	similar
2290	23	similar
2291	23	similar
2292	23	similar
2293	23	similar
2294	23	similar
2295	23	similar
2296	23	similar
2297	23	similar
2298	23	similar
2299	23	similar
2300	23	similar
2301	23	similar
2302	23	similar
2303	23	similar
2304	23	similar
2305	23	similar
2306	23	similar
2307	23	similar
2308	23	similar
2309	23	similar
2310	23	similar
2311	23	similar
2312	23	similar
2313	23	similar
2314	23	similar
2315	23	similar
2316	23	similar
2317	23	similar
2318	23	similar
2319	23	similar
2320	23	similar
2321	23	similar
2322	23	similar
2323	23	similar
2324	23	similar
2325	23	similar
2326	23	similar
2327	23	similar
2328	23	similar
2329	23	similar
2330	23	similar
2331	23	similar
2332	23	similar
2333	23	similar
2334	24	similar
2335	24	similar
2336	24	similar
2337	24	similar
2338	24	similar
2339	24	similar
2340	24	similar
2341	24	similar
2342	24	similar
2343	24	similar
2344	24	similar
2345	24	similar
2346	24	similar
2347	24	similar
2348	24	similar
2349	24	similar
2350	24	similar
2351	24	similar
2352	24	similar
2353	24	similar
2354	24	similar
2355	24	similar
2356	24	similar
2357	24	similar
2358	24	similar
2359	24	similar
2360	24	similar
2361	24	similar
2362	24	similar
2363	24	similar
2364	24	similar
2365	24	similar
2366	24	similar
2367	24	similar
2368	24	similar
2369	24	similar
2370	24	similar
2371	24	similar
2372	24	similar
2373	24	similar
2374	24	similar
2375	24	similar
2376	24	similar
2377	24	similar
2378	24	similar
2379	24	similar
2380	24	similar
2381	24	similar
2382	24	similar
2383	24	similar
2384	24	similar
2385	24	similar
2386	24	similar
2387	24	similar
2388	24	similar
2389	24	similar
2390	24	similar
2391	24	similar
2392	24	similar
2393	24	similar
2394	24	similar
2395	24	similar
2396	25	similar
2397	25	similar
2398	25	similar
2399	25	similar
2400	25	similar
2401	25	similar
2402	25	similar
2403	25	similar
2404	25	similar
2405	25	similar
2406	25	similar
2407	25	similar
2408	25	similar
2409	25	similar
2410	25	similar
2411	25	similar
2412	25	similar
2413	25	similar
2414	25	similar
2415	25	similar
2416	25	similar
2417	25	similar
2418	25	similar
2419	25	similar
2420	25	similar
2421	25	similar
2422	25	similar
2423	25	similar
2424	25	similar
2425	25	similar
2426	25	similar
2427	25	similar
2428	25	similar
2429	25	similar
2430	25	similar
2431	25	similar
2432	25	similar
2433	25	similar
2434	25	similar
2435	25	similar
2436	25	similar
2437	26	similar
2438	26	similar
2439	26	similar
2440	26	similar
2441	26	similar
2442	26	similar
2443	26	similar
2444	26	similar
2445	26	similar
2446	26	similar
2447	26	similar
2448	26	similar
2449	26	similar
2450	26	similar
2451	26	similar
2452	26	similar
2453	26	similar
2454	26	similar
2455	26	similar
2456	26	similar
2457	26	similar
2458	26	similar
2459	26	similar
2460	26	similar
2461	26	similar
2462	26	similar
2463	26	similar
2464	26	similar
2465	26	similar
2466	26	similar
2467	26	similar
2468	26	similar
2469	26	similar
2470	26	similar
2471	26	similar
2472	26	similar
2473	26	similar
2474	26	similar
2475	26	similar
2476	26	similar
2477	26	similar
2478	27	similar
2479	27	similar
2480	27	similar
2481	27	similar
2482	27	similar
2483	27	similar
2484	27	similar
2485	27	similar
2486	27	similar
2487	27	similar
2488	27	similar
2489	27	similar
2490	27	similar
2491	27	similar
2492	27	similar
2493	27	similar
2494	27	similar
2495	27	similar
2496	27	similar
2497	27	similar
2498	27	similar
2499	27	similar
2500	27	similar
2501	27	similar
2502	27	similar
2503	27	similar
2504	27	similar
2505	27	similar
2506	27	similar
2507	27	similar
2508	27	similar
2509	27	similar
2510	27	similar
2511	27	similar
2512	27	similar
2513	27	similar
2514	27	similar
2515	27	similar
2516	27	similar
2517	27	similar
2518	27	similar
2519	28	similar
2520	28	similar
2521	28	similar
2522	28	similar
2523	28	similar
2524	28	similar
2525	28	similar
2526	28	similar
2527	28	similar
2528	28	similar
2529	28	similar
2530	28	similar
2531	28	similar
2532	28	similar
2533	28	similar
2534	28	similar
2535	28	similar
2536	28	similar
2537	28	similar
2538	28	similar
2539	28	similar
2540	28	similar
2541	28	similar
2542	28	similar
2543	28	similar
2544	28	similar
2545	28	similar
2546	28	similar
2547	28	similar
2548	28	similar
2549	28	similar
2550	28	similar
2551	28	similar
2552	28	similar
2553	28	similar
2554	28	similar
2555	28	similar
2556	28	similar
2557	28	similar
2558	28	similar
2559	28	similar
2560	28	similar
2561	28	similar
2562	28	similar
2563	28	similar
2564	28	similar
2565	28	similar
2566	28	similar
2567	28	similar
2568	28	similar
2569	28	similar
2570	28	similar
2571	28	similar
2572	28	similar
2573	28	similar
2574	28	similar
2575	28	similar
2576	28	similar
2577	28	similar
2578	28	similar
2579	28	similar
2580	28	similar
2581	28	similar
2582	28	similar
2583	28	similar
2584	28	similar
2585	28	similar
2586	28	similar
2587	28	similar
2588	28	similar
2589	28	similar
2590	28	similar
2591	28	similar
2592	28	similar
2593	28	similar
2594	28	similar
2595	28	similar
2596	28	similar
2597	28	similar
2598	28	similar
2599	28	similar
2600	28	similar
2601	28	similar
2602	28	similar
2603	28	similar
2604	28	similar
2605	28	similar
2606	28	similar
2607	28	similar
2608	28	similar
2609	28	similar
2610	28	similar
2611	28	similar
2612	28	similar
2613	28	similar
2614	28	similar
2615	28	similar
2616	28	similar
2617	28	similar
2618	28	similar
2619	28	similar
2620	28	similar
2621	28	similar
2622	28	similar
2623	28	similar
2624	28	similar
2625	28	similar
2626	28	similar
2627	28	similar
2628	28	similar
2629	28	similar
2630	28	similar
2631	28	similar
2632	28	similar
2633	28	similar
2634	28	similar
2635	28	similar
2636	28	similar
2637	28	similar
2638	28	similar
2639	28	similar
2640	28	similar
2641	28	similar
2642	28	similar
2643	28	similar
2644	28	similar
2645	28	similar
2646	28	similar
2647	28	similar
2648	28	similar
2649	28	similar
2650	28	similar
2651	28	similar
2652	28	similar
2653	28	similar
2654	28	similar
2655	28	similar
2656	28	similar
2657	28	similar
2658	28	similar
2659	28	similar
2660	28	similar
2661	28	similar
2662	28	similar
2663	28	similar
2664	28	similar
2665	28	similar
2666	28	similar
2667	28	similar
2668	28	similar
2669	28	similar
2670	28	similar
2671	28	similar
2672	28	similar
2673	28	similar
2674	28	similar
2675	28	similar
2676	28	similar
2677	28	similar
2678	28	similar
2679	28	similar
2680	28	similar
2681	28	similar
2682	28	similar
2683	28	similar
2684	28	similar
2685	28	similar
2686	28	similar
2687	28	similar
2688	28	similar
2689	28	similar
2690	28	similar
2691	28	similar
2692	28	similar
2693	28	similar
2694	28	similar
2695	28	similar
2696	28	similar
2697	28	similar
2698	28	similar
2699	28	similar
2700	28	similar
2701	28	similar
2702	28	similar
2703	28	similar
2704	28	similar
2705	28	similar
2706	28	similar
2707	28	similar
2708	28	similar
2709	28	similar
2710	28	similar
2711	28	similar
2712	28	similar
2713	28	similar
2714	28	similar
2715	28	similar
2716	28	similar
2717	28	similar
2718	28	similar
2719	28	similar
2720	28	similar
2721	28	similar
2722	28	similar
2723	28	similar
2724	28	similar
2725	28	similar
2726	28	similar
2727	28	similar
2728	28	similar
2729	28	similar
2730	28	similar
2731	28	similar
2732	28	similar
2733	28	similar
2734	28	similar
2735	28	similar
2736	28	similar
2737	28	similar
2738	28	similar
2739	28	similar
2740	28	similar
2741	28	similar
2742	28	similar
2743	28	similar
2744	28	similar
2745	28	similar
2746	28	similar
2747	28	similar
2748	28	similar
2749	28	similar
2750	28	similar
2751	28	similar
2752	28	similar
2753	29	similar
2754	29	similar
2755	29	similar
2756	29	similar
2757	29	similar
2758	29	similar
2759	29	similar
2760	29	similar
2761	29	similar
2762	29	similar
2763	29	similar
2764	29	similar
2765	29	similar
2766	29	similar
2767	29	similar
2768	29	similar
2769	29	similar
2770	29	similar
2771	29	similar
2772	29	similar
2773	29	similar
2774	29	similar
2775	29	similar
2776	29	similar
2777	29	similar
2778	29	similar
2779	29	similar
2780	29	similar
2781	29	similar
2782	29	similar
2783	29	similar
2784	29	similar
2785	29	similar
2786	29	similar
2787	29	similar
2788	29	similar
2789	29	similar
2790	29	similar
2791	29	similar
2792	29	similar
2793	29	similar
2794	29	similar
2795	29	similar
2796	29	similar
2797	29	similar
2798	29	similar
2799	29	similar
2800	29	similar
2801	29	similar
2802	29	similar
2803	29	similar
2804	29	similar
2805	29	similar
2806	29	similar
2807	29	similar
2808	29	similar
2809	29	similar
2810	29	similar
2811	29	similar
2812	29	similar
2813	29	similar
2814	29	similar
2815	29	similar
2816	29	similar
2817	29	similar
2818	29	similar
2819	29	similar
2820	29	similar
2821	29	similar
2822	29	similar
2823	29	similar
2824	29	similar
2825	29	similar
2826	29	similar
2827	29	similar
2828	29	similar
2829	29	similar
2830	29	similar
2831	29	similar
2832	29	similar
2833	29	similar
2834	29	similar
2835	29	similar
2836	29	similar
2837	29	similar
2838	29	similar
2839	29	similar
2840	29	similar
2841	29	similar
2842	29	similar
2843	29	similar
2844	29	similar
2845	29	similar
2846	29	similar
2847	29	similar
2848	29	similar
2849	29	similar
2850	29	similar
2851	29	similar
2852	29	similar
2853	29	similar
2854	29	similar
2855	29	similar
2856	29	similar
2857	29	similar
2858	29	similar
2859	29	similar
2860	29	similar
2861	29	similar
2862	29	similar
2863	29	similar
2864	29	similar
2865	29	similar
2866	29	similar
2867	29	similar
2868	29	similar
2869	29	similar
2870	29	similar
2871	29	similar
2872	29	similar
2873	29	similar
2874	29	similar
2875	29	similar
2876	29	similar
2877	29	similar
2878	29	similar
2879	29	similar
2880	29	similar
2881	29	similar
2882	29	similar
2883	29	similar
2884	29	similar
2885	29	similar
2886	29	similar
2887	29	similar
2888	29	similar
2889	29	similar
2890	29	similar
2891	29	similar
2892	29	similar
2893	29	similar
2894	29	similar
2895	29	similar
2896	29	similar
2897	29	similar
2898	29	similar
2899	29	similar
2900	29	similar
2901	29	similar
2902	29	similar
2903	29	similar
2904	29	similar
2905	29	similar
2906	29	similar
2907	29	similar
2908	29	similar
2909	29	similar
2910	29	similar
2911	29	similar
2912	29	similar
2913	29	similar
2914	29	similar
2915	29	similar
2916	29	similar
2917	29	similar
2918	29	similar
2919	29	similar
2920	29	similar
2921	29	similar
2922	29	similar
2923	29	similar
2924	29	similar
2925	29	similar
2926	29	similar
2927	29	similar
2928	29	similar
2929	29	similar
2930	29	similar
2931	29	similar
2932	29	similar
2933	29	similar
2934	29	similar
2935	29	similar
2936	29	similar
2937	29	similar
2938	29	similar
2939	29	similar
2940	29	similar
2941	29	similar
2942	29	similar
2943	29	similar
2944	29	similar
2945	29	similar
2946	29	similar
2947	29	similar
2948	29	similar
2949	29	similar
2950	29	similar
2951	29	similar
2952	29	similar
2953	29	similar
2954	29	similar
2955	29	similar
2956	29	similar
2957	29	similar
2958	29	similar
2959	29	similar
2960	29	similar
2961	29	similar
2962	29	similar
2963	29	similar
2964	29	similar
2965	29	similar
2966	29	similar
2967	29	similar
2968	29	similar
2969	29	similar
2970	29	similar
2971	29	similar
2972	29	similar
2973	29	similar
2974	29	similar
2975	29	similar
2976	29	similar
2977	29	similar
2978	29	similar
2979	29	similar
2980	29	similar
2981	29	similar
2982	29	similar
2983	29	similar
2984	29	similar
2985	29	similar
2986	30	similar
2987	30	similar
2988	30	similar
2989	30	similar
2990	30	similar
2991	30	similar
2992	30	similar
2993	30	similar
2994	30	similar
2995	30	similar
2996	30	similar
2997	30	similar
2998	30	similar
2999	30	similar
3000	30	similar
3001	30	similar
3002	30	similar
3003	30	similar
3004	30	similar
3005	30	similar
3006	30	similar
3007	30	similar
3008	30	similar
3009	30	similar
3010	30	similar
3011	30	similar
3012	30	similar
3013	30	similar
3014	30	similar
3015	30	similar
3016	30	similar
3017	30	similar
3018	30	similar
3019	30	similar
3020	30	similar
3021	30	similar
3022	30	similar
3023	30	similar
3024	30	similar
3025	30	similar
3026	30	similar
3027	30	similar
3028	30	similar
3029	30	similar
3030	30	similar
3031	30	similar
3032	30	similar
3033	30	similar
3034	30	similar
3035	30	similar
3036	30	similar
3037	30	similar
3038	30	similar
3039	30	similar
3040	30	similar
3041	30	similar
3042	30	similar
3043	30	similar
3044	30	similar
3045	30	similar
3046	30	similar
3047	30	similar
3048	30	similar
3049	30	similar
3050	30	similar
3051	30	similar
3052	30	similar
3053	30	similar
3054	30	similar
3055	30	similar
3056	30	similar
3057	30	similar
3058	30	similar
3059	30	similar
3060	30	similar
3061	30	similar
3062	30	similar
3063	30	similar
3064	30	similar
3065	30	similar
3066	30	similar
3067	30	similar
3068	30	similar
3069	30	similar
3070	30	similar
3071	30	similar
3072	30	similar
3073	30	similar
3074	30	similar
3075	30	similar
3076	30	similar
3077	30	similar
3078	30	similar
3079	30	similar
3080	30	similar
3081	30	similar
3082	30	similar
3083	30	similar
3084	30	similar
3085	30	similar
3086	30	similar
3087	30	similar
3088	30	similar
3089	30	similar
3090	30	similar
3091	30	similar
3092	30	similar
3093	30	similar
3094	30	similar
3095	30	similar
3096	30	similar
3097	30	similar
3098	30	similar
3099	30	similar
3100	30	similar
3101	30	similar
3102	30	similar
3103	30	similar
3104	30	similar
3105	30	similar
3106	30	similar
3107	30	similar
3108	30	similar
3109	30	similar
3110	30	similar
3111	30	similar
3112	30	similar
3113	30	similar
3114	30	similar
3115	30	similar
3116	30	similar
3117	30	similar
3118	30	similar
3119	30	similar
3120	30	similar
3121	30	similar
3122	30	similar
3123	30	similar
3124	30	similar
3125	30	similar
3126	30	similar
3127	30	similar
3128	30	similar
3129	30	similar
3130	30	similar
3131	30	similar
3132	30	similar
3133	30	similar
3134	30	similar
3135	30	similar
3136	30	similar
3137	30	similar
3138	30	similar
3139	30	similar
3140	30	similar
3141	30	similar
3142	30	similar
3143	30	similar
3144	30	similar
3145	30	similar
3146	30	similar
3147	30	similar
3148	30	similar
3149	30	similar
3150	30	similar
3151	30	similar
3152	30	similar
3153	30	similar
3154	30	similar
3155	30	similar
3156	30	similar
3157	30	similar
3158	30	similar
3159	30	similar
3160	30	similar
3161	30	similar
3162	30	similar
3163	30	similar
3164	30	similar
3165	30	similar
3166	30	similar
3167	30	similar
3168	30	similar
3169	30	similar
3170	30	similar
3171	30	similar
3172	30	similar
3173	30	similar
3174	30	similar
3175	30	similar
3176	30	similar
3177	30	similar
3178	30	similar
3179	30	similar
3180	30	similar
3181	30	similar
3182	30	similar
3183	30	similar
3184	30	similar
3185	30	similar
3186	30	similar
3187	30	similar
3188	30	similar
3189	30	similar
3190	30	similar
3191	30	similar
3192	30	similar
3193	30	similar
3194	30	similar
3195	30	similar
3196	30	similar
3197	30	similar
3198	30	similar
3199	30	similar
3200	30	similar
3201	30	similar
3202	30	similar
3203	30	similar
3204	30	similar
3205	30	similar
3206	30	similar
3207	30	similar
3208	30	similar
3209	30	similar
3210	30	similar
3211	30	similar
3212	30	similar
3213	30	similar
3214	30	similar
3215	30	similar
3216	30	similar
3217	30	similar
3218	30	similar
3219	30	similar
3220	30	similar
3221	30	similar
3222	30	similar
3223	30	similar
3224	1	prime
3225	2	prime
3226	5	prime
3227	6	prime
3228	7	prime
3229	8	prime
3230	9	prime
3231	10	prime
3232	11	prime
3233	12	prime
3234	13	prime
3235	14	prime
3236	15	prime
3237	16	prime
3238	17	prime
3239	19	prime
3240	20	prime
3241	21	prime
3242	22	prime
3243	23	prime
3244	24	prime
3245	25	prime
3246	26	prime
3247	27	prime
3248	28	prime
3249	29	prime
3250	30	prime
